<?xml version="1.0" encoding="UTF-8"?> 

<!DOCTYPE struts PUBLIC 

    "-//Apache Software Foundation//DTD Struts Configuration 2.5//EN" 

    "http://struts.apache.org/dtds/struts-2.5.dtd">

<struts>
 	<constant name="struts.action.excludePattern" value="/botdetectcaptcha"/>
	
	<package name = "task-list-app" extends="struts-default,json-default">
		
		<!-- Common actions ************************************************************ -->
		
		<action name="test" class="com.techlabs.actions.TestAction" method = "execute">
			<result name="success">test.jsp</result>  
		</action>
		
		<action name="home" class="com.techlabs.actions.HomeAction" method = "execute">
			<result name="success">home.jsp</result>
		</action>
		
		<action name="login" class="com.techlabs.actions.LoginAction" method = "execute">  
			<result name="success">login.jsp</result>  
			<result name="input">login.jsp</result> 
		</action>
		
		<action name="login.do" class="com.techlabs.actions.LoginAction" method = "loginDo">  
			<result name="success" type="redirectAction">${nextAction}</result>  
			<result name="input">login.jsp</result> 
		</action>
		
		<action name="logout" class="com.techlabs.actions.LogoutAction" method = "execute"> 
			<result name="success" type="redirect">/home</result>
		</action>
		
		<action name="getEmailsJson" class="com.techlabs.actions.GetEmailsJsonAction" method="execute">
   			<result type="json"/>
  		</action>
		
		<!-- User actions ************************************************************ -->
		
		<action name="register.do" class="com.techlabs.actions.RegisterAction" method = "registerDo"> 
			<result name="input">register.jsp</result> 
			<result name="success" type="redirectAction">${nextAction}</result>
		</action>
		
		<action name="register" class="com.techlabs.actions.RegisterAction" method = "execute"> 
			<result name="input">register.jsp</result> 
		 	<result name="success">register.jsp</result>
		</action>
		
		<action name="userList" class="com.techlabs.actions.DisplayUserAction" method = "execute">
			<result name="success">userList.jsp</result> 
		</action>
		
		<action name="displayImage" class="com.techlabs.actions.DisplayUserAction" method = "displayImage">  
			<result name="success" type="stream">
				<param name="inputName">inputStream</param>
   				<param name="contentType">image/jpeg</param>
			</result>
		</action>
		
		<action name="updateUser.do" class="com.techlabs.actions.UpdateUserAction" method = "updateUserDo"> 
		 	<result name="input">update-user.jsp</result> 
			<result name="success" type="redirectAction">${nextAction}</result>
		</action>
		
		<action name="updateUser" class="com.techlabs.actions.UpdateUserAction" method = "execute"> 
			<result name="success">update-user.jsp</result>
			<result name="input">update-user.jsp</result>
		</action>
		
		<action name="updateUserLock" class="com.techlabs.actions.UpdateUserLockAction" method = "execute"> 
			<result name="success" type="redirect">userList</result>
		</action>
		
		<action name="deleteUser" class="com.techlabs.actions.DeleteUserAction" method = "execute"> 
			<result name="success" type="redirect">/userList</result>
		</action>
		
		<!-- Task actions ************************************************************ -->
		
		<action name="taskList" class="com.techlabs.actions.DisplayTaskAction" method = "execute">
			<result name="success">taskList.jsp</result>  
		</action>
		
		<action name="addTask" class="com.techlabs.actions.AddTaskAction" method = "execute"> 
			<result name="input" type="redirect">/taskList</result> 
		 	<result name="success" type="redirect">/taskList</result>
		</action>
		
		<action name="updateTask.do" class="com.techlabs.actions.UpdateTaskAction" method = "updateTaskDo"> 
			<result name="success" type="redirect">/taskList</result>
			<result name="input" type="redirect">/taskList</result>
		</action>
		
		<action name="updateTask" class="com.techlabs.actions.UpdateTaskAction" method = "execute"> 
			<result name="input">taskList.jsp</result>
		</action>
		
		<action name="updateTaskDone" class="com.techlabs.actions.UpdateTaskAction" method = "updateTaskDone"> 
			<result name="success" type="redirect">/taskList</result>
		</action>
		
		<action name="deleteTask" class="com.techlabs.actions.DeleteTaskAction" method = "execute"> 
			<result name="success" type="redirect">/taskList</result>
		</action>
		
		<!-- SubTask actions ************************************************************ -->
		
		<action name="subTaskList" class="com.techlabs.actions.DisplaySubTaskAction" method = "execute">
			<result name="success">subTaskList.jsp</result>  
		</action>
		
		<action name="addSubTask" class="com.techlabs.actions.AddSubTaskAction" method = "execute"> 
			<result name="input" type="redirect">/subTaskList</result> 
		 	<result name="success" type="redirect">/subTaskList</result>
		</action>
		
		<action name="updateSubTask.do" class="com.techlabs.actions.UpdateSubTaskAction" method = "updateSubTaskDo"> 
			<result name="success" type="redirect">/subTaskList</result>
			<result name="input" type="redirect">/subTaskList</result>
		</action>
		
		<action name="updateSubTask" class="com.techlabs.actions.UpdateSubTaskAction" method = "execute"> 
			<result name="input">subTaskList.jsp</result>
		</action>
		
		<action name="updateSubTaskDone" class="com.techlabs.actions.UpdateSubTaskAction" method = "updateSubTaskDone"> 
			<result name="success" type="redirect">/subTaskList</result>
		</action>
			
		<action name="deleteSubTask" class="com.techlabs.actions.DeleteSubTaskAction" method = "execute"> 
			<result name="success" type="redirect">/subTaskList</result>
		</action>
		
	</package>
</struts> 