<?xml version="1.0" encoding="UTF-8"?> 

<!DOCTYPE struts PUBLIC 

    "-//Apache Software Foundation//DTD Struts Configuration 2.5//EN" 

    "http://struts.apache.org/dtds/struts-2.5.dtd">

<struts>
 	<constant name="struts.action.excludePattern" value="/botdetectcaptcha"/>
	
	<package name = "task-list-app" extends="struts-default,json-default">
		
		<interceptors>
			<interceptor name="sessionInterceptor"
				class="com.techlabs.interceptor.SessionInterceptor"></interceptor>
			<interceptor-stack name="myInterceptorsStack">
				<interceptor-ref name="sessionInterceptor"></interceptor-ref>
				<interceptor-ref name="defaultStack"></interceptor-ref>
			</interceptor-stack>
		</interceptors>
		
		<!-- Common actions ************************************************************ -->
		
		<action name="test" class="com.techlabs.action.TestAction" method = "execute">
		<interceptor-ref name="myInterceptorsStack"></interceptor-ref>
			<result name="success">test.jsp</result>  
			<result name="login" type="redirect">/login</result>
		</action>
		
		<action name="home" class="com.techlabs.action.HomeAction" method = "execute">
			<result name="success">home.jsp</result>
		</action>
		
		<action name="login" class="com.techlabs.action.LoginAction" method = "execute">  
			<result name="success">login.jsp</result>  
			<result name="input">login.jsp</result> 
		</action>
		
		<action name="login.do" class="com.techlabs.action.LoginAction" method = "loginDo">  
			<result name="success" type="redirectAction">${nextAction}</result>  
			<result name="input">login.jsp</result> 
		</action>
		
		<action name="logout" class="com.techlabs.action.LogoutAction" method = "execute"> 
			<result name="success" type="redirect">/home</result>
		</action>
		
		<action name="getEmailsJson" class="com.techlabs.action.GetEmailsJsonAction" method="execute">
   			<result type="json"/>
  		</action>
		
		<!-- User actions ************************************************************ -->
		
		<action name="register.do" class="com.techlabs.action.RegisterAction" method = "registerDo"> 
			<interceptor-ref name="myInterceptorsStack"></interceptor-ref>
			<result name="input">register.jsp</result> 
			<result name="success" type="redirectAction">${nextAction}</result>
						<result name="login" type="redirect">/login</result>
			
		</action>
		
		<action name="register" class="com.techlabs.action.RegisterAction" method = "execute"> 
			<interceptor-ref name="myInterceptorsStack"></interceptor-ref>
			
			<result name="input">register.jsp</result> 
		 	<result name="success">register.jsp</result>
						<result name="login" type="redirect">/login</result>
			
		</action>
		
		<action name="userList" class="com.techlabs.action.DisplayUserAction" method = "execute">
			<interceptor-ref name="myInterceptorsStack"></interceptor-ref>
			<result name="success">userList.jsp</result> 
					<result name="login" type="redirect">/login</result>
		</action>
		
		
		<action name="updateUser.do" class="com.techlabs.action.UpdateUserAction" method = "updateUserDo"> 
			<interceptor-ref name="myInterceptorsStack"></interceptor-ref>
		 	<result name="input">update-user.jsp</result> 
			<result name="success" type="redirectAction">${nextAction}</result>
					<result name="login" type="redirect">/login</result>
		
		</action>
		
		<action name="updateUser" class="com.techlabs.action.UpdateUserAction" method = "execute"> 
			<interceptor-ref name="myInterceptorsStack"></interceptor-ref>
			<result name="success">update-user.jsp</result>
			<result name="input">update-user.jsp</result>
						<result name="login" type="redirect">/login</result>
			
		</action>
		
		<action name="updateUserLock" class="com.techlabs.action.UpdateUserLockAction" method = "execute"> 
			<result name="success" type="redirect">userList</result>
		</action>
		
		<action name="deleteUser" class="com.techlabs.action.DeleteUserAction" method = "execute"> 
			<result name="success" type="redirect">/userList</result>
		</action>
		
		<!-- Task actions ************************************************************ -->
		
		<action name="taskList" class="com.techlabs.action.DisplayTaskAction" method = "execute">
			<interceptor-ref name="myInterceptorsStack"></interceptor-ref>
			<result name="success">taskList.jsp</result>  
					<result name="login" type="redirect">/login</result>
			
		</action>
		
		<action name="addTask" class="com.techlabs.action.AddTaskAction" method = "execute"> 
			<result name="input" type="redirect">/taskList</result> 
		 	<result name="success" type="redirect">/taskList</result>
		</action>
		
		<action name="updateTask.do" class="com.techlabs.action.UpdateTaskAction" method = "updateTaskDo"> 
			<result name="success" type="redirect">/taskList</result>
			<result name="input" type="redirect">/taskList</result>
		</action>
		
		<action name="updateTask" class="com.techlabs.action.UpdateTaskAction" method = "execute"> 
			<result name="input">taskList.jsp</result>
		</action>
		
		<action name="updateTaskDone" class="com.techlabs.action.UpdateTaskAction" method = "updateTaskDone"> 
			<result name="success" type="redirect">/taskList</result>
		</action>
		
		<action name="deleteTask" class="com.techlabs.action.DeleteTaskAction" method = "execute"> 
			<result name="success" type="redirect">/taskList</result>
		</action>
		
		<!-- SubTask actions ************************************************************ -->
		
		<action name="subTaskList" class="com.techlabs.action.DisplaySubTaskAction" method = "execute">
			<interceptor-ref name="myInterceptorsStack"></interceptor-ref>
			<result name="success">subTaskList.jsp</result>  
			<result name="login" type="redirect">/login</result>
		</action>
		
		<action name="addSubTask" class="com.techlabs.action.AddSubTaskAction" method = "execute"> 
			<result name="input" type="redirect">/subTaskList</result> 
		 	<result name="success" type="redirect">/subTaskList</result>
		</action>
		
		<action name="updateSubTask.do" class="com.techlabs.action.UpdateSubTaskAction" method = "updateSubTaskDo"> 
			<result name="success" type="redirect">/subTaskList</result>
			<result name="input" type="redirect">/subTaskList</result>
		</action>
		
		<action name="updateSubTask" class="com.techlabs.action.UpdateSubTaskAction" method = "execute"> 
			<result name="input">subTaskList.jsp</result>
		</action>
		
		<action name="updateSubTaskDone" class="com.techlabs.action.UpdateSubTaskAction" method = "updateSubTaskDone"> 
			<result name="success" type="redirect">/subTaskList</result>
		</action>
			
		<action name="deleteSubTask" class="com.techlabs.action.DeleteSubTaskAction" method = "execute"> 
			<result name="success" type="redirect">/subTaskList</result>
		</action>
		
	</package>
</struts> 